City,Country,Temperature,Humidity,Cloudiness,Windspeed,Latitude,Longitude,Date
maua,BR,80.44,33,100,2.68,-23.6678,-46.4614,1665253040
mataura,NZ,37.71,94,94,3.91,-46.1927,168.8643,1665253315
rikitea,PF,70.84,68,72,20.27,-23.1203,-134.9692,1665253316
ushuaia,AR,47.86,66,75,11.5,-54.8,-68.3,1665253294
altay,CN,45.59,34,27,8.21,47.8667,88.1167,1665253316
vestmanna,FO,47.32,93,100,10.36,62.1564,-7.1664,1665253316
port alfred,ZA,64.18,85,62,4.14,-33.5906,26.891,1665253316
lavrentiya,RU,30.2,68,69,11.21,65.5833,-171.0,1665253202
lagoa,PT,70.43,91,70,12.8,39.05,-27.9833,1665253317
bluff,NZ,48.63,68,90,16.22,-46.6,168.3333,1665253317
pisco,PE,66.25,68,6,8.05,-13.7,-76.2167,1665253317
hilo,US,85.28,83,20,1.01,19.7297,-155.09,1665253317
atuona,PF,76.78,76,30,21.03,-9.8,-139.0333,1665253318
busselton,AU,53.24,81,10,3.89,-33.65,115.3333,1665253318
tiksi,RU,17.71,89,100,5.64,71.6872,128.8694,1665253318
hithadhoo,MV,81.28,76,11,13.89,-0.6,73.0833,1665253318
boma,GH,74.73,92,91,1.12,7.0805,-2.1697,1665253318
yellowknife,CA,46.92,87,75,4.61,62.456,-114.3525,1665253318
mar del plata,AR,57.09,61,40,18.41,-38.0023,-57.5575,1665253168
nanortalik,GL,36.21,63,2,20.51,60.1432,-45.2371,1665253318
hermanus,ZA,59.81,83,66,7.34,-34.4187,19.2345,1665253319
matara,LK,76.86,91,24,7.99,5.9485,80.5353,1665253319
presidencia roque saenz pena,AR,92.73,20,0,4.38,-26.7852,-60.4388,1665253319
candelaria,PH,78.39,95,74,4.61,13.9311,121.4233,1665253319
butaritari,KI,82.02,74,29,16.06,3.0707,172.7902,1665253319
illapel,CL,70.38,45,14,9.91,-31.6308,-71.1653,1665253319
codrington,AU,42.17,86,29,5.19,-38.2667,141.9667,1665253320
hobart,AU,40.05,90,7,3.44,-42.8794,147.3294,1665253320
grahamstown,ZA,57.96,61,80,4.74,-33.3042,26.5328,1665253103
callaway,US,87.01,39,0,11.5,30.153,-85.5699,1665253320
quatre cocos,MU,71.71,69,44,17.87,-20.2078,57.7625,1665253322
merauke,ID,78.49,92,100,10.2,-8.4667,140.3333,1665253322
geraldton,AU,48.61,87,32,3.44,-28.7667,114.6,1665253166
rio claro,BR,81.95,30,100,5.59,-22.4114,-47.5614,1665253322
itaocara,BR,88.09,47,58,5.73,-21.6692,-42.0761,1665253323
puerto ayora,EC,76.96,89,81,5.99,-0.7393,-90.3518,1665253323
husavik,IS,36.88,97,100,7.43,66.0449,-17.3389,1665253323
mezen,RU,48.2,90,100,13.82,65.8522,44.24,1665253323
saint george,US,81.43,31,0,3.44,37.1041,-113.5841,1665253324
kruisfontein,ZA,60.89,72,64,5.32,-34.0033,24.7314,1665253324
burgersdorp,ZA,73.33,17,61,6.78,-30.9977,26.3286,1665253325
rio gallegos,AR,55.45,35,40,27.63,-51.6226,-69.2181,1665253315
new norfolk,AU,39.7,74,23,1.01,-42.7826,147.0587,1665253325
calmar,CA,63.9,48,40,6.91,53.2668,-113.8187,1665253073
esperance,AU,56.71,49,7,11.05,-33.8667,121.9,1665253325
souillac,MU,71.98,68,75,13.8,-20.5167,57.5167,1665253325
qaanaaq,GL,7.86,67,78,10.11,77.484,-69.3632,1665253325
san quintin,MX,74.55,68,2,8.72,30.4833,-115.95,1665253325
pacific grove,US,71.38,88,100,0.0,36.6177,-121.9166,1665253325
kurtamysh,RU,44.37,85,100,12.01,54.9103,64.4319,1665253326
umarkot,PK,89.51,19,2,12.15,25.3616,69.7362,1665253326
bambous virieux,MU,71.85,68,75,13.8,-20.3428,57.7575,1665253326
kapaa,US,78.78,87,100,4.61,22.0752,-159.319,1665253326
cape town,ZA,62.28,76,20,23.02,-33.9258,18.4232,1665253199
albany,US,53.94,54,4,1.01,42.6001,-73.9662,1665253327
kiama,AU,52.0,92,100,5.99,-34.6833,150.8667,1665253327
bustamante,MX,78.89,47,64,6.44,26.5333,-100.5,1665253328
takoradi,GH,77.32,83,100,7.31,4.8845,-1.7554,1665253328
linxia,CN,35.46,51,89,0.36,35.6003,103.2064,1665253328
barrow,US,24.82,86,0,10.36,71.2906,-156.7887,1665253329
goshen,US,54.73,49,75,18.41,41.5823,-85.8344,1665253329
mogadishu,SO,77.32,85,28,16.64,2.0371,45.3438,1665253329
ribeira grande,PT,73.8,83,75,11.5,38.5167,-28.7,1665253329
lebu,CL,51.28,57,4,20.27,-37.6167,-73.65,1665253329
sal rei,CV,82.6,69,40,13.8,16.1833,-22.9167,1665253330
lompoc,US,69.85,96,100,6.91,34.6391,-120.4579,1665253330
east london,ZA,68.94,88,0,4.61,-33.0153,27.9116,1665253330
dikson,RU,32.4,84,96,7.29,73.5069,80.5464,1665253331
khatanga,RU,15.94,96,91,3.76,71.9667,102.5,1665253332
dingle,PH,76.21,92,99,5.93,10.9995,122.6711,1665253332
petropavlovsk-kamchatskiy,RU,28.99,86,0,4.47,53.0452,158.6483,1665253332
bathsheba,BB,86.61,70,20,18.41,13.2167,-59.5167,1665253332
ilulissat,GL,30.22,74,75,6.91,69.2167,-51.1,1665253332
coolum beach,AU,70.11,93,80,7.76,-26.5333,153.1,1665253142
jalu,LY,73.72,39,0,9.37,29.0331,21.5482,1665253333
punta arenas,CL,48.31,61,75,26.46,-53.15,-70.9167,1665253076
coihaique,CL,48.15,40,100,11.5,-45.5752,-72.0662,1665253333
sioux lookout,CA,51.87,50,75,13.8,50.1001,-91.917,1665253333
cidreira,BR,71.71,57,16,10.83,-30.1811,-50.2056,1665253333
kodiak,US,53.11,87,100,0.0,57.79,-152.4072,1665253335
vaini,TO,69.96,94,100,13.8,-21.2,-175.2,1665253335
acapulco,MX,85.82,74,0,4.61,16.8634,-99.8901,1665253335
nha trang,VN,75.2,89,100,5.01,12.25,109.1833,1665253336
guayaquil,EC,82.36,57,75,10.36,-2.1667,-79.9,1665253336
thompson,CA,41.16,70,75,4.61,55.7435,-97.8558,1665253336
sarahan,IN,56.12,89,99,2.01,31.5167,77.8,1665253337
cozumel,MX,89.67,73,40,16.11,20.5083,-86.9458,1665253338
airai,TL,61.92,83,96,2.91,-8.9266,125.4092,1665253338
dongkan,CN,59.25,71,100,6.35,33.9997,119.8308,1665253338
hervey bay,AU,70.02,89,18,5.01,-25.2986,152.8535,1665253338
vila franca do campo,PT,75.2,84,100,5.75,37.7167,-25.4333,1665253339
beloha,MG,75.34,59,0,6.11,-25.1667,45.05,1665253339
bukama,CD,80.94,19,36,1.68,-9.2,25.85,1665253339
port lincoln,AU,48.96,79,17,3.74,-34.7333,135.8667,1665253340
kaeo,NZ,55.33,86,97,10.94,-35.1,173.7833,1665253340
constitucion,CL,58.51,42,0,18.52,-35.3333,-72.4167,1665253340
mount pleasant,US,83.08,69,0,8.05,32.7941,-79.8626,1665253340
grand gaube,MU,72.0,64,28,8.01,-20.0064,57.6608,1665253340
srednekolymsk,RU,19.08,80,97,12.59,67.45,153.6833,1665253306
bani walid,LY,74.75,37,0,8.14,31.7566,13.9942,1665253341
berlevag,NO,42.8,81,100,9.22,70.8578,29.0864,1665253341
prince rupert,CA,49.69,98,100,3.44,54.3161,-130.3201,1665253341
ponta do sol,PT,74.71,78,20,4.72,32.6667,-17.1,1665253341
buraydah,SA,82.85,10,0,3.83,26.326,43.975,1665253342
san patricio,US,91.35,35,8,9.04,28.017,-97.5169,1665253342
half moon bay,US,78.48,87,100,4.61,37.4636,-122.4286,1665253342
goksun,TR,53.78,83,6,4.72,38.021,36.4973,1665253131
ingham,US,51.91,58,20,17.67,42.6,-84.3833,1665253343
artigas,UY,77.79,43,83,15.61,-30.4,-56.4667,1665253344
pomezeu,RO,58.87,75,100,2.68,46.7833,22.2833,1665253344
skoghall,SE,45.16,70,15,5.75,59.3232,13.4655,1665253344
rexburg,US,65.43,34,0,0.0,43.826,-111.7897,1665253345
lashma,RU,47.7,88,43,7.7,54.9321,41.1438,1665253345
leningradskiy,RU,17.13,75,48,11.27,69.3833,178.4167,1665253345
tucuman,AR,89.6,18,0,16.11,-26.8241,-65.2226,1665253345
sungaipenuh,ID,63.64,84,100,1.5,-2.0833,101.3833,1665253346
catuday,PH,79.54,78,16,7.87,16.2923,119.8062,1665253346
severo-kurilsk,RU,42.91,74,100,7.76,50.6789,156.125,1665253346
soyo,AO,76.75,84,66,12.1,-6.1349,12.3689,1665253348
sobolevo,RU,49.59,79,90,12.24,54.4299,31.8996,1665253349
wladyslawowo,PL,53.15,85,96,16.11,54.7909,18.4009,1665253349
jamestown,US,49.05,50,75,14.97,42.097,-79.2353,1665253349
minot,US,66.42,37,0,12.66,48.2325,-101.2963,1665253349
iqaluit,CA,33.53,80,100,13.8,63.7506,-68.5145,1665253150
castro,BR,71.65,45,0,7.07,-24.7911,-50.0119,1665253110
clyde river,CA,21.43,73,75,6.91,70.4692,-68.5914,1665253350
sao joao da barra,BR,78.89,73,57,17.69,-21.6403,-41.0511,1665253351
tiznit,MA,78.85,39,100,3.38,29.5833,-9.5,1665253351
katsuura,JP,66.69,72,72,13.02,35.1333,140.3,1665253351
praxedis guerrero,MX,67.46,36,72,18.21,31.3667,-106.0167,1665253352
cabo san lucas,MX,92.61,42,0,9.22,22.8909,-109.9124,1665253111
hamilton,US,58.75,49,40,9.22,39.1834,-84.5333,1665253352
farah,AF,61.11,9,0,1.92,32.5,62.5,1665253352
avarua,CK,73.45,68,75,5.75,-21.2078,-159.775,1665253352
saint-philippe,RE,71.19,78,26,12.77,-21.3585,55.7679,1665253353
itoman,JP,77.02,78,100,4.61,26.1247,127.6694,1665253353
goderich,CA,51.91,57,94,16.11,43.7501,-81.7165,1665253353
garowe,SO,83.55,47,29,22.46,8.4054,48.4845,1665253354
saskylakh,RU,19.06,97,95,2.95,71.9167,114.0833,1665253354
cervo,ES,63.97,88,43,13.71,43.6702,-7.4101,1665253355
quang ngai,VN,75.34,92,100,5.82,15.1167,108.8,1665253355
kushalgarh,IN,73.56,99,100,5.95,23.199,74.4507,1665253355
channel-port aux basques,CA,54.81,93,100,15.23,47.5702,-59.1367,1665253355
nhulunbuy,AU,79.41,89,75,4.61,-12.2333,136.7667,1665253356
paamiut,GL,34.84,67,11,13.15,61.994,-49.6678,1665253356
laguna,US,90.18,49,0,1.01,38.421,-121.4238,1665253356
cherskiy,RU,20.44,91,100,21.63,68.75,161.3,1665253356
norman wells,CA,44.64,81,75,5.75,65.282,-126.8329,1665253356
narsaq,GL,37.62,62,1,3.31,60.9167,-46.05,1665253357
chokurdakh,RU,21.51,90,100,19.89,70.6333,147.9167,1665253357
tel aviv-yafo,IL,75.38,61,20,3.44,32.0805,34.7805,1665253330
upernavik,GL,23.09,92,100,8.99,72.7868,-56.1549,1665253357
thinadhoo,MV,81.03,78,13,13.42,0.5333,72.9333,1665253357
osmena,PH,82.44,77,92,5.99,10.5208,119.9258,1665253357
calvinia,ZA,71.94,17,2,6.04,-31.4707,19.776,1665253358
exeter,GB,55.47,80,20,5.75,50.7236,-3.5275,1665253288
palana,RU,25.75,84,90,10.38,59.1167,159.9667,1665253358
carnarvon,AU,67.03,69,69,15.88,-24.8667,113.6333,1665253358
mabaruma,GY,89.91,54,53,7.7,8.2,-59.7833,1665253358
georgetown,MY,82.24,89,20,0.0,5.4112,100.3354,1665253297
igarka,RU,33.73,100,100,6.13,67.4667,86.5833,1665253359
ambilobe,MG,71.01,68,13,6.11,-13.2,49.05,1665253359
labuhan,ID,78.73,85,100,12.06,-6.8844,112.2051,1665253359
olafsvik,IS,44.47,75,73,11.25,64.8945,-23.7142,1665253359
denia,ES,71.74,85,57,5.01,38.8408,0.1057,1665253359
luderitz,NA,61.48,80,22,12.39,-26.6481,15.1594,1665253359
plastun,RU,38.75,68,4,4.88,44.7561,136.2939,1665253359
machilipatnam,IN,79.11,86,100,7.81,16.1667,81.1333,1665253091
aripuana,BR,94.95,35,74,3.87,-9.1667,-60.6333,1665253359
arraial do cabo,BR,75.06,73,75,6.91,-22.9661,-42.0278,1665253360
alice springs,AU,51.35,46,0,6.91,-23.7,133.8833,1665253168
batagay-alyta,RU,18.01,80,100,6.13,67.8006,130.4114,1665253360
belen,TR,62.74,56,40,0.0,36.4891,36.2233,1665253360
siguiri,GN,81.93,72,52,4.12,11.6667,-9.5,1665253360
bethel,US,59.54,55,40,4.61,41.3712,-73.414,1665253361
odweyne,SO,76.06,57,62,10.54,9.4092,45.064,1665253361
talnakh,RU,26.82,92,99,5.5,69.4865,88.3972,1665253361
bredasdorp,ZA,55.92,87,97,3.27,-34.5322,20.0403,1665253362
hofn,IS,42.48,87,100,6.04,64.2539,-15.2082,1665253362
khorixas,NA,69.22,52,5,11.61,-20.3667,14.9667,1665253209
beringovskiy,RU,28.4,65,16,9.28,63.05,179.3167,1665253362
jennings,US,61.99,45,20,5.75,38.7192,-90.2604,1665253362
hobyo,SO,77.72,85,91,21.94,5.3505,48.5268,1665253362
shenzhen,CN,81.07,84,40,4.29,22.5455,114.0683,1665253362
puerto escondido,MX,85.03,65,20,4.61,15.85,-97.0667,1665253362
asfi,MA,71.89,80,25,16.89,32.2994,-9.2372,1665253362
saint-pierre,RE,71.28,73,0,14.97,-21.3393,55.4781,1665253178
makhinjauri,GE,66.06,94,40,6.91,41.6739,41.694,1665253363
jaumave,MX,71.37,76,99,3.15,23.4167,-99.3833,1665253363
yulara,AU,57.65,32,0,13.11,-25.2406,130.9889,1665253363
dunedin,NZ,44.56,74,78,4.85,-45.8742,170.5036,1665253364
golden,US,62.92,54,20,7.0,39.7555,-105.2211,1665253364
faanui,PF,78.08,76,13,18.79,-16.4833,-151.75,1665253364
pevek,RU,26.15,65,100,26.87,69.7008,170.3133,1665253364
guadalupe y calvo,MX,66.4,34,15,6.06,26.1,-106.9667,1665253364
urumqi,CN,59.95,17,0,13.42,43.801,87.6005,1665253365
hongjiang,CN,56.61,92,100,3.98,27.11,109.9956,1665253365
bratsk,RU,36.09,78,70,7.34,56.1325,101.6142,1665253166
chiang kham,TH,70.9,94,19,1.39,19.5233,100.3,1665253365
harrismith,ZA,68.88,28,3,1.63,-28.2728,29.1295,1665253365
socorro,US,70.81,53,75,13.8,31.6546,-106.3033,1665253365
san policarpo,PH,80.91,80,5,9.8,12.1791,125.5072,1665253365
tabou,CI,77.4,88,64,9.35,4.423,-7.3528,1665253365
edd,ER,89.01,64,21,9.71,13.9297,41.6925,1665253366
touros,BR,83.48,65,3,17.47,-5.1989,-35.4608,1665253366
akonolinga,CM,68.25,97,89,2.44,3.7667,12.25,1665253076
mogocha,RU,24.91,86,19,1.57,53.7333,119.7667,1665253367
ouargaye,BF,83.07,65,93,6.55,11.5033,0.0572,1665253367
yarada,IN,79.12,94,75,2.3,17.65,83.2667,1665253367
chuy,UY,72.84,52,87,15.37,-33.6971,-53.4616,1665253367
mehamn,NO,42.75,93,75,8.05,71.0357,27.8492,1665253367
ostrovnoy,RU,44.76,87,94,20.13,68.0531,39.5131,1665253368
torbay,CA,55.76,95,100,5.75,47.6666,-52.7314,1665253368
caravelas,BR,82.35,65,94,13.29,-17.7125,-39.2481,1665253368
jiaojiang,CN,64.99,84,95,3.8,28.6803,121.4428,1665253368
ancud,CL,51.55,58,10,14.97,-41.8697,-73.8203,1665253368
margate,GB,54.7,75,4,4.45,51.3813,1.3862,1665253346
cedral,MX,67.23,61,98,7.52,23.8,-100.7333,1665253369
nykoping,SE,49.86,87,0,9.22,58.753,17.0079,1665253131
muncar,ID,77.32,89,78,2.91,-8.4333,114.3333,1665253371
kaitangata,NZ,40.64,86,96,5.59,-46.2817,169.8464,1665253371
kangundo,KE,68.34,46,96,12.97,-1.2979,37.3471,1665253371
uvira,CD,77.31,48,100,2.86,-3.4067,29.1458,1665253371
campobasso,IT,62.94,74,85,2.62,41.6333,14.5833,1665253371
zalantun,CN,35.06,63,81,11.52,48.0,122.7167,1665253371
sur,OM,81.18,63,0,4.79,22.5667,59.5289,1665253371
makat,KZ,59.36,48,82,7.38,47.6469,53.3463,1665253371
cockburn town,TC,87.76,62,40,17.27,21.4612,-71.1419,1665253372
nicoya,CR,84.6,67,99,4.36,10.1483,-85.452,1665253372
skjervoy,NO,41.0,83,93,11.43,70.0311,20.9714,1665253372
nizhneangarsk,RU,30.09,77,98,1.21,55.7833,109.55,1665253372
kirakira,SB,78.37,80,40,7.45,-10.4544,161.9205,1665253372
camacupa,AO,73.0,26,58,1.81,-12.0167,17.4833,1665253372
constantine,DZ,72.81,56,75,10.36,36.365,6.6147,1665253372
hasaki,JP,59.4,59,80,16.55,35.7333,140.8333,1665253373
meulaboh,ID,77.32,85,100,4.29,4.1363,96.1285,1665253373
nikolskoye,RU,54.91,74,100,12.48,59.7035,30.7861,1665253373
elko,US,69.06,25,86,3.0,41.0002,-115.5012,1665253373
bengkulu,ID,76.1,86,96,3.18,-3.8004,102.2655,1665253373
klaksvik,FO,49.12,90,100,28.3,62.2266,-6.589,1665253212
port hardy,CA,53.78,100,100,3.44,50.6996,-127.4199,1665253373
arlit,NE,95.4,12,0,8.25,18.7369,7.3853,1665253374
djambala,CG,70.02,86,60,1.63,-2.5447,14.7533,1665253374
mier,MX,83.01,45,89,2.13,26.4333,-99.15,1665253374
jumla,NP,55.71,96,100,3.15,29.2747,82.1838,1665253374
menongue,AO,73.09,15,4,5.14,-14.6585,17.691,1665253374
okha,RU,32.58,86,67,8.9,53.5739,142.9478,1665253374
palembang,ID,75.29,94,40,0.0,-2.9167,104.7458,1665253125
conceicao do araguaia,BR,104.31,19,57,6.33,-8.2578,-49.2647,1665253374
sorland,NO,44.46,71,97,28.01,67.667,12.6934,1665253374
porto torres,IT,68.18,75,95,4.52,40.835,8.3972,1665253318
kieta,PG,77.27,78,87,4.92,-6.2167,155.6333,1665253374
ispravnaya,RU,55.78,90,96,3.42,44.0682,41.6102,1665253375
tuktoyaktuk,CA,33.8,86,75,9.22,69.4541,-133.0374,1665253375
nanakuli,US,81.43,67,40,5.75,21.3906,-158.1547,1665253375
lodi,US,87.37,57,0,3.4,38.1302,-121.2725,1665253375
chapais,CA,31.78,94,100,12.12,49.7834,-74.8492,1665253375
kahului,US,82.42,80,40,10.36,20.8947,-156.47,1665253375
turukhansk,RU,35.87,100,100,7.43,65.8167,87.9833,1665253375
huarmey,PE,69.37,69,58,13.35,-10.0681,-78.1522,1665253376
weston,US,86.02,81,100,16.11,26.1004,-80.3998,1665253376
opuwo,NA,76.96,33,2,5.53,-18.0607,13.84,1665253377
sechura,PE,77.11,56,67,14.61,-5.5569,-80.8222,1665253377
iwanai,JP,43.43,83,52,3.74,42.9744,140.5089,1665253377
hurghada,EG,78.42,46,0,24.14,27.2574,33.8129,1665253242
sakaiminato,JP,53.58,94,75,3.44,35.55,133.2333,1665253377
kontagora,NG,79.41,73,92,0.63,10.3999,5.4695,1665253377
asau,RO,52.72,76,88,2.17,46.4333,26.4,1665253377
tual,ID,83.16,79,63,15.26,-5.6667,132.75,1665253378
broken hill,AU,47.86,65,0,10.69,-31.95,141.4333,1665253378
vanavara,RU,33.8,82,100,9.69,60.34,102.2797,1665253379
plettenberg bay,ZA,60.37,83,64,4.97,-34.0527,23.3716,1665253380
kwekwe,ZW,76.66,20,1,12.91,-18.9281,29.8149,1665253381
lasa,IT,63.48,91,94,2.57,46.6166,10.7002,1665253381
saldanha,ZA,59.05,82,27,24.61,-33.0117,17.9442,1665253382
agadez,NE,84.51,17,0,9.33,19.75,10.25,1665253382
longyearbyen,SJ,37.24,87,75,5.75,78.2186,15.6401,1665253304
bardiyah,LY,72.09,58,69,10.58,31.7561,25.0865,1665253382
hashtgerd,IR,64.24,27,0,5.14,35.9642,50.6858,1665253383
faya,SA,69.91,35,14,3.74,18.3851,42.4509,1665253383
aklavik,CA,39.2,60,75,5.75,68.2191,-135.0107,1665253383
kitgum,UG,67.59,92,97,4.45,3.2783,32.8867,1665253384
dickinson,US,88.14,58,0,13.8,29.4608,-95.0513,1665253384
uva,RU,46.81,87,100,5.93,56.9908,52.1852,1665253385
ewa beach,US,81.41,68,40,5.75,21.3156,-158.0072,1665253385
ixtapa,MX,87.22,62,0,4.61,20.7,-105.2,1665253385
viedma,AR,53.74,33,30,27.94,-40.8135,-62.9967,1665253221
gravelbourg,CA,64.67,39,100,8.37,49.8834,-106.5512,1665253385
vostochnyy,RU,53.78,73,80,10.31,55.8167,37.8667,1665253386
nazret,ET,63.99,57,41,4.25,8.55,39.2667,1665253386
dawei,MM,76.17,93,98,2.17,14.0833,98.2,1665253386
gobabis,NA,77.54,12,0,14.16,-22.45,18.9667,1665253387
tuatapere,NZ,45.68,80,76,8.61,-46.1333,167.6833,1665253387
cap malheureux,MU,71.47,64,26,8.01,-19.9842,57.6142,1665253387
portland,US,76.98,67,0,5.75,45.5234,-122.6762,1665253387
sinnamary,GF,86.04,63,14,12.21,5.3833,-52.95,1665253387
novomikhaylovskiy,RU,64.62,77,98,9.93,44.2581,38.8578,1665253387
pacocha,PE,64.54,59,0,11.5,-17.5833,-71.3333,1665253388
meshcherino,RU,50.45,83,76,10.47,55.1957,38.36,1665253388
lorengau,PG,80.17,74,32,8.14,-2.0226,147.2712,1665253388
la ronge,CA,61.02,51,20,9.22,55.1001,-105.2842,1665253388
aswan,EG,85.37,20,3,18.07,24.0934,32.907,1665253389
ahipara,NZ,52.92,87,69,8.16,-35.1667,173.1667,1665253389
nefteyugansk,RU,44.8,89,85,7.85,61.0998,72.6035,1665253390
shenjiamen,CN,65.57,72,100,10.33,29.9576,122.298,1665253390
banjarmasin,ID,75.34,94,97,1.1,-3.3244,114.591,1665253390
teluknaga,ID,81.63,94,20,4.61,-6.0989,106.6381,1665253390
lehututu,BW,81.14,14,18,11.7,-23.9667,21.8667,1665253390
fortuna,US,74.01,49,9,4.72,40.5982,-124.1573,1665253391
zhangye,CN,36.91,33,1,4.85,38.9342,100.4517,1665253391
ekibastuz,KZ,53.92,32,55,9.4,51.6667,75.3667,1665253391
ankpa,NG,72.41,95,79,2.59,7.3706,7.6253,1665253391
lago da pedra,BR,103.26,23,73,5.53,-4.3333,-45.1667,1665253391
bud,US,57.15,48,2,7.2,39.447,-86.1758,1665253391
pochutla,MX,87.82,62,35,5.97,15.7432,-96.4661,1665253392
itarema,BR,84.81,63,12,18.59,-2.9248,-39.9167,1665253392
kadoma,JP,60.78,74,54,1.14,34.7333,135.5833,1665253392
nauta,PE,81.37,69,100,3.2,-4.5061,-73.5757,1665253392
gold coast,AU,69.24,96,75,9.22,-28.0,153.4333,1665253392
requena,ES,62.8,83,89,8.48,39.4883,-1.1004,1665253394
hearst,CA,39.45,67,99,9.22,49.6835,-83.6665,1665253394
san cristobal,VE,82.58,46,80,8.55,7.7669,-72.225,1665253394
biscarrosse,FR,67.95,42,0,4.61,44.3945,-1.1672,1665253187
sambava,MG,71.69,77,40,14.56,-14.2667,50.1667,1665253394
katubao,PH,79.92,83,95,1.25,5.8892,124.8294,1665253395
shiraoi,JP,43.21,71,75,4.63,42.55,141.35,1665253396
beira,MZ,75.69,80,0,10.18,-19.8436,34.8389,1665253396
hot springs,US,72.32,31,0,4.61,34.5037,-93.0552,1665253396
nuuk,GL,32.61,80,75,4.61,64.1835,-51.7216,1665253203
antalaha,MG,68.31,82,48,8.68,-14.9003,50.2788,1665253396
vila velha,BR,78.75,78,40,11.5,-20.3297,-40.2925,1665253396
weligama,LK,77.25,89,25,8.32,5.9667,80.4167,1665253396
vestmannaeyjar,IS,45.59,81,20,5.75,63.4427,-20.2734,1665253397
buza,RO,53.85,70,89,0.13,46.9,24.15,1665253397
tutoia,BR,83.86,68,15,14.58,-2.7619,-42.2744,1665253398
mayskiy,RU,60.21,63,100,15.23,47.6931,40.1025,1665253398
villaviciosa,ES,65.61,88,47,7.45,43.4813,-5.4357,1665253398
severo-yeniseyskiy,RU,36.72,77,100,10.76,60.3725,93.0408,1665253399
mafinga,TZ,74.08,40,27,12.15,-7.25,35.0667,1665253399
port macquarie,AU,66.09,94,100,11.5,-31.4333,152.9167,1665253399
anadyr,RU,18.1,86,0,6.71,64.75,177.4833,1665253267
pauini,BR,99.86,27,100,4.25,-7.7136,-66.9764,1665253399
marzuq,YE,75.7,44,17,4.81,14.4,46.4667,1665253399
soligalich,RU,49.62,84,100,11.72,59.0778,42.2864,1665253400
pucallpa,PE,84.24,65,40,0.0,-8.3791,-74.5539,1665253400
salalah,OM,80.69,83,75,3.44,17.0151,54.0924,1665253169
palmer,US,58.51,47,20,12.66,42.1584,-72.3287,1665253400
stutterheim,ZA,62.53,68,59,1.74,-32.5708,27.424,1665253400
canavieiras,BR,84.16,69,73,10.96,-15.675,-38.9472,1665253400
barra do garcas,BR,93.78,40,40,9.22,-15.89,-52.2567,1665253401
roanoke rapids,US,62.29,58,100,9.22,36.4615,-77.6542,1665253401
vao,NC,72.75,80,19,21.05,-22.6667,167.4833,1665253401
udachnyy,RU,24.73,94,100,5.55,66.4167,112.4,1665253401
suntar,RU,31.96,83,100,9.04,62.1444,117.6319,1665253401
tasiilaq,GL,33.96,96,100,5.19,65.6145,-37.6368,1665253401
port elizabeth,ZA,64.69,87,0,14.97,-33.918,25.5701,1665253402
luanda,AO,77.0,83,40,9.22,-8.8368,13.2343,1665253298
iracoubo,GF,85.14,67,8,12.93,5.4802,-53.2011,1665253402
baykit,RU,37.38,81,100,8.61,61.67,96.37,1665253402
reconquista,AR,82.72,28,23,16.2,-29.15,-59.65,1665253402
zemio,CF,69.39,93,74,2.68,5.0314,25.1361,1665253402
kindu,CD,71.13,92,95,1.48,-2.95,25.95,1665253403
provideniya,RU,31.5,67,22,6.87,64.3833,-173.3,1665253403
hastings,GB,57.52,77,8,8.48,50.8552,0.5729,1665253353
novopokrovskaya,RU,63.25,48,43,20.4,45.9514,40.7006,1665253404
dutlwe,BW,80.01,19,0,11.43,-23.9833,23.9,1665253404
poso,ID,76.75,87,96,4.38,-1.3959,120.7524,1665253404
yerbogachen,RU,32.72,85,100,11.81,61.2767,108.0108,1665253404
lieksa,FI,48.81,86,81,16.44,63.3167,30.0167,1665253404
harper,LR,77.67,88,67,9.28,4.375,-7.7169,1665253404
khomutovka,RU,48.43,78,28,6.98,51.9207,34.5619,1665253405
kenai,US,48.15,98,100,3.44,60.5544,-151.2583,1665253405
alihe,CN,25.7,62,45,3.31,50.5667,123.7167,1665253405
mount isa,AU,64.17,36,9,13.8,-20.7333,139.5,1665253335
sabaudia,IT,68.47,90,61,1.92,41.3003,13.0282,1665253198
masindi,UG,62.96,95,100,1.81,1.6744,31.715,1665253406
ahuimanu,US,81.18,73,40,3.44,21.4447,-157.8378,1665253406
isangel,VU,75.65,80,44,17.67,-19.55,169.2667,1665253406
malanville,BJ,84.15,57,92,7.52,11.8685,3.3899,1665253406
kavaratti,IN,81.28,75,27,7.74,10.5669,72.642,1665253406
ambon,ID,77.14,94,40,5.75,-3.6954,128.1814,1665253299
yeppoon,AU,71.38,89,23,4.0,-23.1333,150.7333,1665253407
road town,VG,87.89,70,40,11.5,18.4167,-64.6167,1665253407
zenzeli,RU,58.62,66,6,13.06,45.9241,47.0474,1665253407
zhigansk,RU,27.39,97,100,10.67,66.7697,123.3711,1665253407
kautokeino,NO,34.92,92,98,0.83,69.0125,23.0412,1665253408
stawell,AU,36.09,92,3,4.21,-37.05,142.7667,1665253408
byron bay,AU,64.94,92,100,15.43,-28.65,153.6167,1665253408
hellevoetsluis,NL,55.99,74,8,7.4,51.8333,4.1333,1665253225
hambantota,LK,79.14,89,20,2.3,6.1241,81.1185,1665253409
quelimane,MZ,76.95,83,20,5.75,-17.8786,36.8883,1665253409
fairview,US,60.24,50,40,12.66,40.8126,-73.999,1665253409
baruun-urt,MN,26.24,77,21,9.75,46.6806,113.2792,1665253367
abbeville,FR,51.49,74,4,3.36,50.1,1.8333,1665253410
mount gambier,AU,37.31,100,40,3.44,-37.8333,140.7667,1665253410
robat karim,IR,71.46,30,0,0.0,35.4846,51.0829,1665253410
neiafu,TO,72.28,94,100,13.8,-18.65,-173.9833,1665253410
coahuayana,MX,89.6,53,0,3.18,18.7333,-103.6833,1665253410
luau,AO,74.61,18,36,3.24,-10.7073,22.2247,1665253411
port hawkesbury,CA,63.52,84,100,13.8,45.6169,-61.3485,1665253411
kaniama,CD,73.62,59,54,4.9,-7.5667,24.1833,1665253411
tateyama,JP,63.1,74,57,14.65,34.9833,139.8667,1665253411
ampanihy,MG,78.98,41,0,4.29,-24.7,44.75,1665253412
nikolayevsk-na-amure,RU,30.04,83,97,3.0,53.1406,140.73,1665253412
businga,CD,71.96,94,69,1.61,3.3333,20.8833,1665253412
daund,IN,72.84,89,98,5.79,18.4667,74.6,1665253412
flin flon,CA,55.24,67,75,0.0,54.7682,-101.865,1665253413
padang,ID,77.32,77,100,3.02,-0.9492,100.3543,1665253300
tura,IN,73.08,94,25,1.66,25.5198,90.2201,1665253413
moree,AU,53.62,87,100,17.27,-29.4667,149.85,1665253413
bereda,ES,62.58,97,8,5.3,43.2686,-7.5406,1665253413
lewistown,US,56.25,54,100,11.5,40.5992,-77.5714,1665253414
gargzdai,LT,55.18,88,100,11.21,55.7128,21.4033,1665253311
kupino,RU,53.19,62,98,6.35,54.3663,77.2981,1665253414
westport,US,61.16,52,0,11.5,41.1415,-73.3579,1665253313
baoshan,CN,43.32,65,100,2.66,46.5586,131.4244,1665253414
santa marta,CO,87.89,70,75,6.91,11.2408,-74.199,1665253414
hammerfest,NO,41.45,100,40,6.91,70.6634,23.6821,1665253415
raudeberg,NO,47.07,11,98,18.03,61.9875,5.1352,1665253415
bischofshofen,AT,61.54,98,90,3.91,47.4167,13.2167,1665253415
korla,CN,62.6,29,100,5.84,41.7597,86.1469,1665253415
monrovia,LR,83.97,81,49,7.02,6.3005,-10.7969,1665253415
manohar thana,IN,74.62,92,100,9.4,24.24,76.8018,1665253415
marquette,US,57.78,43,76,13.15,46.5333,-87.6335,1665253415
nongan,CN,46.36,92,100,3.11,44.382,125.1685,1665253415
bodrum,TR,71.53,64,3,15.08,37.0383,27.4292,1665253416
denpasar,ID,80.26,100,75,12.66,-8.65,115.2167,1665253416
naze,JP,76.12,82,86,6.35,28.3667,129.4833,1665253416
tekari,IN,79.02,79,12,4.12,24.9333,84.8333,1665253416
nalut,LY,77.0,24,5,6.29,30.3333,10.85,1665253416
sibolga,ID,76.33,89,100,2.77,1.7427,98.7792,1665253417
kuching,MY,75.42,94,40,3.0,1.55,110.3333,1665253295
hami,CN,52.66,14,0,14.41,42.8,93.45,1665253417
terrace,CA,51.71,93,100,6.91,54.5163,-128.6035,1665253417
port hueneme,US,89.13,83,100,6.91,34.1478,-119.1951,1665253417
fort nelson,CA,49.59,57,75,4.61,58.8053,-122.7002,1665253417
keningau,MY,71.73,99,90,0.94,5.3378,116.1602,1665253417
stokmarknes,NO,46.38,76,75,11.5,68.5646,14.9108,1665253418
jacareacanga,BR,98.67,29,65,2.24,-6.2222,-57.7528,1665253418
gat,IL,74.08,65,11,6.17,31.61,34.7642,1665253418
ewo,CG,75.6,83,55,4.25,-0.8725,14.8206,1665253418
tahlequah,US,73.62,21,75,4.61,35.9154,-94.97,1665253419
dehloran,IR,90.54,10,0,5.61,32.6941,47.2679,1665253419
san andres,CO,82.42,83,75,14.97,12.5847,-81.7006,1665253419
brae,GB,51.04,82,93,16.73,60.3964,-1.353,1665253419
mahebourg,MU,71.89,68,75,13.8,-20.4081,57.7,1665253419
joshimath,IN,61.38,95,100,2.35,30.5667,79.5667,1665253420
sabla,NG,88.45,41,91,5.68,12.7525,4.7077,1665253420
yumen,CN,34.93,33,0,13.8,40.2833,97.2,1665253420
hohhot,CN,32.29,64,20,8.95,40.8106,111.6522,1665253420
gurkovo,BG,55.9,69,5,4.16,42.6667,25.8,1665253420
fraserburgh,GB,53.11,74,81,11.21,57.6874,-2.0184,1665253420
machiques,VE,86.67,66,99,3.51,10.0644,-72.545,1665253421
bosanski novi,BA,59.0,81,100,0.94,45.0458,16.3803,1665253421
mnogovershinnyy,RU,24.39,77,99,4.54,53.9353,139.9242,1665253421
dobson,US,66.81,45,0,5.75,36.3957,-80.7226,1665253421
awbari,LY,78.31,28,0,8.28,26.5921,12.7805,1665253421
storforshei,NO,43.66,93,100,0.0,66.4043,14.5233,1665253421
belyy yar,RU,32.86,85,99,0.0,53.6039,91.3903,1665253421
linares,CL,60.6,34,15,11.34,-35.85,-71.6,1665253421
barentu,ER,84.34,30,50,10.87,15.1139,37.5928,1665253422
yuzhou,CN,58.84,65,79,7.94,34.1628,113.4639,1665253422
kovdor,RU,41.04,88,72,12.01,67.5662,30.4758,1665253417
lukovetskiy,RU,49.14,82,100,13.2,64.2956,41.9211,1665253422
marsh harbour,BS,82.44,73,2,13.56,26.5412,-77.0636,1665253422
hakodate,JP,50.14,65,89,5.14,41.7758,140.7367,1665253368
flinders,AU,51.19,88,100,15.01,-34.5833,150.8552,1665253423
igreja nova,BR,85.03,52,14,15.08,-10.1253,-36.6619,1665253423
guerrero negro,MX,77.47,62,33,9.17,27.9769,-114.0611,1665253423
baft,IR,58.57,7,0,6.08,29.234,56.6057,1665253423
kuytun,RU,27.59,74,65,6.67,54.3419,101.5036,1665253243
aquiraz,BR,84.29,64,6,14.38,-3.9014,-38.3911,1665253424
revin,FR,51.6,80,3,2.39,49.9404,4.635,1665253424
fairbanks,US,42.6,92,75,8.05,64.8378,-147.7164,1665253424
makaleng,BW,77.23,31,0,17.13,-20.9,27.2833,1665253168
morondava,MG,76.44,84,0,13.51,-20.2833,44.2833,1665253424
abu kamal,SY,82.94,37,22,10.27,34.4506,40.9171,1665253425
xining,CN,33.15,41,79,4.38,36.6167,101.7667,1665253425
trinidad,BO,89.58,58,20,8.05,-14.8333,-64.9,1665253425
praia da vitoria,PT,79.05,69,40,8.77,38.7333,-27.0667,1665253425
posadas,AR,82.38,34,0,11.5,-27.3671,-55.8961,1665253346
shimanovsk,RU,27.03,59,5,5.73,52.0,127.7,1665253426
pandamatenga,BW,77.7,20,0,4.7,-18.5278,25.627,1665253426
kysyl-syr,RU,28.99,93,100,7.45,63.8986,122.7617,1665253426
qurayyat,SA,75.38,41,0,13.8,31.3318,37.3428,1665253428
lazarev,RU,37.63,63,98,1.39,52.225,141.5131,1665253428
nenjiang,CN,32.05,59,62,8.77,49.1833,125.2167,1665253428
zhigalovo,RU,20.8,97,74,2.46,54.8097,105.1578,1665253428
victoria,HK,81.18,88,41,8.01,22.2855,114.1577,1665253261
lufilufi,WS,76.78,77,73,16.64,-13.8745,-171.5986,1665253429
bay roberts,CA,56.52,90,95,3.0,47.5999,-53.2648,1665253429
broome,US,52.18,62,100,11.5,42.2506,-75.833,1665253429
mahibadhoo,MV,82.15,70,100,14.41,3.7833,72.9667,1665253430
nara,JP,57.49,67,52,2.93,34.6851,135.8049,1665253430
taoudenni,ML,100.18,12,22,1.97,22.6783,-3.9836,1665253430
lata,PT,73.92,52,27,4.21,40.1629,-8.3327,1665253431
dalhousie,IN,53.53,89,30,3.65,32.5333,75.9833,1665253431
bolkhov,RU,48.15,87,67,7.83,53.4433,36.0044,1665253431
scottsbluff,US,64.78,58,0,4.61,41.8666,-103.6672,1665253431
semey,KZ,58.28,31,0,21.47,50.4111,80.2275,1665253431
kamojima,JP,57.02,78,84,1.34,34.0667,134.35,1665253431
pangnirtung,CA,26.6,80,100,6.91,66.1451,-65.7125,1665253431
puerto baquerizo moreno,EC,70.79,78,75,18.41,-0.9,-89.6,1665253431
gouyave,GD,83.17,84,75,20.71,12.1646,-61.7296,1665253431
valleyview,CA,59.04,55,43,9.22,55.0667,-117.2859,1665253257
oxnard,US,88.99,81,100,6.91,34.1975,-119.177,1665253432
hurricane,US,84.54,30,0,3.27,37.1753,-113.2899,1665253432
valparaiso,CL,68.23,77,0,17.27,-33.0393,-71.6273,1665253186
bonavista,CA,53.38,84,97,10.42,48.6499,-53.1147,1665253432
vanimo,PG,78.08,89,98,5.68,-2.6741,141.3028,1665253432
virginia beach,US,64.44,58,40,13.8,36.8529,-75.978,1665253433
umm lajj,SA,83.88,71,37,9.4,25.0213,37.2685,1665253433
huilong,CN,60.93,74,100,15.99,31.8111,121.655,1665253433
xiuyan,CN,51.03,91,100,5.37,40.2928,123.2744,1665253433
kavieng,PG,82.4,71,40,16.62,-2.5744,150.7967,1665253433
grindavik,IS,42.75,93,75,3.44,63.8424,-22.4338,1665253434
jian,CN,58.42,88,38,5.06,27.1172,114.9793,1665253434
villacarrillo,ES,70.86,40,31,1.23,38.1156,-3.0848,1665253435
caarapo,BR,78.76,44,0,7.45,-22.6342,-54.8222,1665253435
boguchany,RU,35.76,80,100,5.86,58.3814,97.4531,1665253435
kichmengskiy gorodok,RU,49.23,84,100,11.99,59.9816,45.7854,1665253435
acarau,BR,85.26,65,10,20.15,-2.8856,-40.12,1665253435
andenes,NO,44.58,76,40,20.71,69.3143,16.1194,1665253435
sept-iles,CA,48.72,62,75,14.97,50.2001,-66.3821,1665253435
nam dinh,VN,74.59,94,89,6.17,20.4167,106.1667,1665253436
lagunas,PE,80.53,64,100,0.65,-5.2269,-75.6753,1665253436
saint-raphael,HT,84.81,62,73,8.08,19.4333,-72.2,1665253436
dryden,CA,52.09,54,20,11.5,49.7833,-92.7503,1665253436
kloulklubed,PW,79.3,68,98,2.64,7.0419,134.2556,1665253437
erzin,TR,66.49,74,3,1.3,36.9559,36.2,1665253437
banyuwangi,ID,76.53,94,69,3.85,-8.2325,114.3576,1665253437
cururupu,BR,89.56,50,55,7.83,-1.8283,-44.8683,1665253437
